{"training_Loss/total_loss": 2.4971961975097656, "training_Loss/mel_loss": 0.9052950143814087, "training_Loss/mel_postnet_loss": 0.9216245412826538, "training_Loss/pitch_loss": 0.2505084276199341, "training_Loss/energy_loss": 0.2882547974586487, "training_Loss/duration_loss": 0.13151335716247559, "_timestamp": 1693225431.2670972, "_runtime": 2233.8336062431335, "_step": 1600, "validation_Loss/total_loss": 4.324679136276245, "validation_Loss/mel_loss": 1.1867846697568893, "validation_Loss/mel_postnet_loss": 1.1932783424854279, "validation_Loss/pitch_loss": 0.8684480264782906, "validation_Loss/energy_loss": 0.8886184394359589, "validation_Loss/duration_loss": 0.18754967488348484}